{"cameraMode":{"drawMode":0,"name":"Shaded","section":"Shading Mode"},"sceneLighting":true,"audioPlay":false,"sceneViewState":{"m_AlwaysRefresh":false,"showFog":true,"showSkybox":true,"showFlares":true,"showImageEffects":true,"showParticleSystems":true,"showVisualEffectGraphs":true,"m_FxEnabled":true},"in2DMode":false,"pivot":{"x":-2.6892690658569338,"y":-1.6818993091583253,"z":-3.1352200508117677},"rotation":{"x":-0.09080790728330612,"y":0.8743133544921875,"z":-0.17979109287261964,"w":-0.44159358739852908},"size":5.013716697692871,"orthographic":false}